package,ondiskversion,loadedversion,path,loadedpath,attached,is_base,date,source,md5ok,library
abind,1.4-8,NA,C:/Users/echang/AppData/Local/R/win-library/4.5/abind,NA,FALSE,FALSE,2024-09-12,CRAN (R 4.5.2),TRUE,C:/Users/echang/AppData/Local/R/win-library/4.5
ape,5.8-1,NA,C:/Users/echang/AppData/Local/R/win-library/4.5/ape,NA,FALSE,FALSE,2024-12-16,CRAN (R 4.5.2),TRUE,C:/Users/echang/AppData/Local/R/win-library/4.5
arrow,22.0.0,NA,C:/Users/echang/AppData/Local/R/win-library/4.5/arrow,NA,FALSE,FALSE,2025-10-29,CRAN (R 4.5.2),TRUE,C:/Users/echang/AppData/Local/R/win-library/4.5
askpass,1.2.1,NA,C:/Users/echang/AppData/Local/R/win-library/4.5/askpass,NA,FALSE,FALSE,2024-10-04,CRAN (R 4.5.2),TRUE,C:/Users/echang/AppData/Local/R/win-library/4.5
assertthat,0.2.1,NA,C:/Users/echang/AppData/Local/R/win-library/4.5/assertthat,NA,FALSE,FALSE,2019-03-21,CRAN (R 4.5.2),TRUE,C:/Users/echang/AppData/Local/R/win-library/4.5
backports,1.5.0,1.5.0,C:/Users/echang/AppData/Local/R/win-library/4.5/backports,C:/Users/echang/AppData/Local/R/win-library/4.5/backports,FALSE,FALSE,2024-05-23,CRAN (R 4.5.2),TRUE,C:/Users/echang/AppData/Local/R/win-library/4.5
base64enc,0.1-3,NA,C:/Users/echang/AppData/Local/R/win-library/4.5/base64enc,NA,FALSE,FALSE,2015-07-28,CRAN (R 4.5.2),TRUE,C:/Users/echang/AppData/Local/R/win-library/4.5
base64url,1.4,1.4,C:/Users/echang/AppData/Local/R/win-library/4.5/base64url,C:/Users/echang/AppData/Local/R/win-library/4.5/base64url,FALSE,FALSE,2018-05-14,CRAN (R 4.5.2),TRUE,C:/Users/echang/AppData/Local/R/win-library/4.5
bayesplot,1.14.0,NA,C:/Users/echang/AppData/Local/R/win-library/4.5/bayesplot,NA,FALSE,FALSE,2025-08-31,CRAN (R 4.5.2),TRUE,C:/Users/echang/AppData/Local/R/win-library/4.5
BH,1.87.0-1,NA,C:/Users/echang/AppData/Local/R/win-library/4.5/BH,NA,FALSE,FALSE,2024-12-17,CRAN (R 4.5.2),TRUE,C:/Users/echang/AppData/Local/R/win-library/4.5
bit,4.6.0,NA,C:/Users/echang/AppData/Local/R/win-library/4.5/bit,NA,FALSE,FALSE,2025-03-06,CRAN (R 4.5.2),TRUE,C:/Users/echang/AppData/Local/R/win-library/4.5
bit64,4.6.0-1,NA,C:/Users/echang/AppData/Local/R/win-library/4.5/bit64,NA,FALSE,FALSE,2025-01-16,CRAN (R 4.5.2),TRUE,C:/Users/echang/AppData/Local/R/win-library/4.5
blob,1.2.4,NA,C:/Users/echang/AppData/Local/R/win-library/4.5/blob,NA,FALSE,FALSE,2023-03-17,CRAN (R 4.5.2),TRUE,C:/Users/echang/AppData/Local/R/win-library/4.5
boot,1.3-31,NA,C:/Program Files/R/R-4.5.1/library/boot,NA,FALSE,FALSE,2024-08-28,CRAN (R 4.5.1),TRUE,C:/Program Files/R/R-4.5.1/library
brew,1.0-10,NA,C:/Users/echang/AppData/Local/R/win-library/4.5/brew,NA,FALSE,FALSE,2023-12-16,CRAN (R 4.5.2),TRUE,C:/Users/echang/AppData/Local/R/win-library/4.5
brio,1.1.5,NA,C:/Users/echang/AppData/Local/R/win-library/4.5/brio,NA,FALSE,FALSE,2024-04-24,CRAN (R 4.5.2),TRUE,C:/Users/echang/AppData/Local/R/win-library/4.5
broom,1.0.11,NA,C:/Users/echang/AppData/Local/R/win-library/4.5/broom,NA,FALSE,FALSE,2025-12-04,CRAN (R 4.5.2),TRUE,C:/Users/echang/AppData/Local/R/win-library/4.5
bslib,0.9.0,NA,C:/Users/echang/AppData/Local/R/win-library/4.5/bslib,NA,FALSE,FALSE,2025-01-30,CRAN (R 4.5.2),TRUE,C:/Users/echang/AppData/Local/R/win-library/4.5
cachem,1.1.0,NA,C:/Users/echang/AppData/Local/R/win-library/4.5/cachem,NA,FALSE,FALSE,2024-05-16,CRAN (R 4.5.2),TRUE,C:/Users/echang/AppData/Local/R/win-library/4.5
callr,3.7.6,3.7.6,C:/Users/echang/AppData/Local/R/win-library/4.5/callr,C:/Users/echang/AppData/Local/R/win-library/4.5/callr,FALSE,FALSE,2024-03-25,CRAN (R 4.5.2),TRUE,C:/Users/echang/AppData/Local/R/win-library/4.5
car,3.1-3,NA,C:/Users/echang/AppData/Local/R/win-library/4.5/car,NA,FALSE,FALSE,2024-09-27,CRAN (R 4.5.2),TRUE,C:/Users/echang/AppData/Local/R/win-library/4.5
carData,3.0-5,NA,C:/Users/echang/AppData/Local/R/win-library/4.5/carData,NA,FALSE,FALSE,2022-01-06,CRAN (R 4.5.2),TRUE,C:/Users/echang/AppData/Local/R/win-library/4.5
cellranger,1.1.0,1.1.0,C:/Users/echang/AppData/Local/R/win-library/4.5/cellranger,C:/Users/echang/AppData/Local/R/win-library/4.5/cellranger,FALSE,FALSE,2016-07-27,CRAN (R 4.5.2),TRUE,C:/Users/echang/AppData/Local/R/win-library/4.5
checkmate,2.3.3,NA,C:/Users/echang/AppData/Local/R/win-library/4.5/checkmate,NA,FALSE,FALSE,2025-08-18,CRAN (R 4.5.2),TRUE,C:/Users/echang/AppData/Local/R/win-library/4.5
class,7.3-23,NA,C:/Program Files/R/R-4.5.1/library/class,NA,FALSE,FALSE,2025-01-01,CRAN (R 4.5.1),NA,C:/Program Files/R/R-4.5.1/library
classInt,0.4-11,NA,C:/Users/echang/AppData/Local/R/win-library/4.5/classInt,NA,FALSE,FALSE,2025-01-08,CRAN (R 4.5.2),TRUE,C:/Users/echang/AppData/Local/R/win-library/4.5
cli,3.6.5,3.6.5,C:/Users/echang/AppData/Local/R/win-library/4.5/cli,C:/Users/echang/AppData/Local/R/win-library/4.5/cli,FALSE,FALSE,2025-04-23,CRAN (R 4.5.2),TRUE,C:/Users/echang/AppData/Local/R/win-library/4.5
clipr,0.8.0,NA,C:/Users/echang/AppData/Local/R/win-library/4.5/clipr,NA,FALSE,FALSE,2022-02-22,CRAN (R 4.5.2),TRUE,C:/Users/echang/AppData/Local/R/win-library/4.5
cluster,2.1.8.1,2.1.8.1,C:/Program Files/R/R-4.5.1/library/cluster,C:/Program Files/R/R-4.5.1/library/cluster,FALSE,FALSE,2025-03-12,CRAN (R 4.5.1),NA,C:/Program Files/R/R-4.5.1/library
codetools,0.2-20,0.2-20,C:/Program Files/R/R-4.5.1/library/codetools,C:/Program Files/R/R-4.5.1/library/codetools,FALSE,FALSE,2024-03-31,CRAN (R 4.5.1),TRUE,C:/Program Files/R/R-4.5.1/library
colorspace,2.1-2,NA,C:/Users/echang/AppData/Local/R/win-library/4.5/colorspace,NA,FALSE,FALSE,2025-09-22,CRAN (R 4.5.2),TRUE,C:/Users/echang/AppData/Local/R/win-library/4.5
colourpicker,1.3.0,NA,C:/Users/echang/AppData/Local/R/win-library/4.5/colourpicker,NA,FALSE,FALSE,2023-08-21,CRAN (R 4.5.2),TRUE,C:/Users/echang/AppData/Local/R/win-library/4.5
cols4all,0.10,NA,C:/Users/echang/AppData/Local/R/win-library/4.5/cols4all,NA,FALSE,FALSE,2025-10-27,CRAN (R 4.5.2),TRUE,C:/Users/echang/AppData/Local/R/win-library/4.5
commonmark,2.0.0,NA,C:/Users/echang/AppData/Local/R/win-library/4.5/commonmark,NA,FALSE,FALSE,2025-07-07,CRAN (R 4.5.2),TRUE,C:/Users/echang/AppData/Local/R/win-library/4.5
compiler,4.5.1,4.5.1,C:/PROGRA~1/R/R-45~1.1/library/compiler,C:/Program Files/R/R-4.5.1/library/compiler,FALSE,TRUE,2025-06-13,local,TRUE,C:/Program Files/R/R-4.5.1/library
contentid,0.0.19,NA,C:/Users/echang/AppData/Local/R/win-library/4.5/contentid,NA,FALSE,FALSE,2025-01-21,CRAN (R 4.5.2),TRUE,C:/Users/echang/AppData/Local/R/win-library/4.5
corrplot,0.95,NA,C:/Users/echang/AppData/Local/R/win-library/4.5/corrplot,NA,FALSE,FALSE,2024-10-14,CRAN (R 4.5.2),TRUE,C:/Users/echang/AppData/Local/R/win-library/4.5
cowplot,1.2.0,NA,C:/Users/echang/AppData/Local/R/win-library/4.5/cowplot,NA,FALSE,FALSE,2025-07-07,CRAN (R 4.5.2),TRUE,C:/Users/echang/AppData/Local/R/win-library/4.5
cpp11,0.5.2,NA,C:/Users/echang/AppData/Local/R/win-library/4.5/cpp11,NA,FALSE,FALSE,2025-03-03,CRAN (R 4.5.2),TRUE,C:/Users/echang/AppData/Local/R/win-library/4.5
crayon,1.5.3,NA,C:/Users/echang/AppData/Local/R/win-library/4.5/crayon,NA,FALSE,FALSE,2024-06-20,CRAN (R 4.5.2),TRUE,C:/Users/echang/AppData/Local/R/win-library/4.5
credentials,2.0.3,NA,C:/Users/echang/AppData/Local/R/win-library/4.5/credentials,NA,FALSE,FALSE,2025-09-12,CRAN (R 4.5.2),TRUE,C:/Users/echang/AppData/Local/R/win-library/4.5
crosstalk,1.2.2,NA,C:/Users/echang/AppData/Local/R/win-library/4.5/crosstalk,NA,FALSE,FALSE,2025-08-26,CRAN (R 4.5.2),TRUE,C:/Users/echang/AppData/Local/R/win-library/4.5
crul,1.6.0,NA,C:/Users/echang/AppData/Local/R/win-library/4.5/crul,NA,FALSE,FALSE,2025-07-23,CRAN (R 4.5.2),TRUE,C:/Users/echang/AppData/Local/R/win-library/4.5
curl,7.0.0,7.0.0,C:/Users/echang/AppData/Local/R/win-library/4.5/curl,C:/Users/echang/AppData/Local/R/win-library/4.5/curl,FALSE,FALSE,2025-08-19,CRAN (R 4.5.2),TRUE,C:/Users/echang/AppData/Local/R/win-library/4.5
data.table,1.17.8,1.17.8,C:/Users/echang/AppData/Local/R/win-library/4.5/data.table,C:/Users/echang/AppData/Local/R/win-library/4.5/data.table,FALSE,FALSE,2025-07-10,CRAN (R 4.5.2),TRUE,C:/Users/echang/AppData/Local/R/win-library/4.5
datasets,4.5.1,4.5.1,C:/PROGRA~1/R/R-45~1.1/library/datasets,C:/Program Files/R/R-4.5.1/library/datasets,TRUE,TRUE,2025-06-13,local,TRUE,C:/Program Files/R/R-4.5.1/library
DBI,1.2.3,NA,C:/Users/echang/AppData/Local/R/win-library/4.5/DBI,NA,FALSE,FALSE,2024-06-02,CRAN (R 4.5.2),TRUE,C:/Users/echang/AppData/Local/R/win-library/4.5
dbplyr,2.5.1,NA,C:/Users/echang/AppData/Local/R/win-library/4.5/dbplyr,NA,FALSE,FALSE,2025-09-10,CRAN (R 4.5.2),TRUE,C:/Users/echang/AppData/Local/R/win-library/4.5
dendextend,1.19.1,NA,C:/Users/echang/AppData/Local/R/win-library/4.5/dendextend,NA,FALSE,FALSE,2025-07-15,CRAN (R 4.5.2),TRUE,C:/Users/echang/AppData/Local/R/win-library/4.5
Deriv,4.2.0,NA,C:/Users/echang/AppData/Local/R/win-library/4.5/Deriv,NA,FALSE,FALSE,2025-06-20,CRAN (R 4.5.2),TRUE,C:/Users/echang/AppData/Local/R/win-library/4.5
desc,1.4.3,1.4.3,C:/Users/echang/AppData/Local/R/win-library/4.5/desc,C:/Users/echang/AppData/Local/R/win-library/4.5/desc,FALSE,FALSE,2023-12-10,CRAN (R 4.5.2),TRUE,C:/Users/echang/AppData/Local/R/win-library/4.5
devtools,2.4.6,NA,C:/Users/echang/AppData/Local/R/win-library/4.5/devtools,NA,FALSE,FALSE,2025-10-03,CRAN (R 4.5.2),TRUE,C:/Users/echang/AppData/Local/R/win-library/4.5
diffobj,0.3.6,NA,C:/Users/echang/AppData/Local/R/win-library/4.5/diffobj,NA,FALSE,FALSE,2025-04-21,CRAN (R 4.5.2),TRUE,C:/Users/echang/AppData/Local/R/win-library/4.5
digest,0.6.39,0.6.39,C:/Users/echang/AppData/Local/R/win-library/4.5/digest,C:/Users/echang/AppData/Local/R/win-library/4.5/digest,FALSE,FALSE,2025-11-19,CRAN (R 4.5.2),TRUE,C:/Users/echang/AppData/Local/R/win-library/4.5
distributional,0.5.0,NA,C:/Users/echang/AppData/Local/R/win-library/4.5/distributional,NA,FALSE,FALSE,2024-09-17,CRAN (R 4.5.2),TRUE,C:/Users/echang/AppData/Local/R/win-library/4.5
doBy,4.7.1,NA,C:/Users/echang/AppData/Local/R/win-library/4.5/doBy,NA,FALSE,FALSE,2025-12-02,CRAN (R 4.5.2),TRUE,C:/Users/echang/AppData/Local/R/win-library/4.5
downlit,0.4.5,NA,C:/Users/echang/AppData/Local/R/win-library/4.5/downlit,NA,FALSE,FALSE,2025-11-14,CRAN (R 4.5.2),TRUE,C:/Users/echang/AppData/Local/R/win-library/4.5
dplyr,1.1.4,1.1.4,C:/Users/echang/AppData/Local/R/win-library/4.5/dplyr,C:/Users/echang/AppData/Local/R/win-library/4.5/dplyr,TRUE,FALSE,2023-11-17,CRAN (R 4.5.2),TRUE,C:/Users/echang/AppData/Local/R/win-library/4.5
DT,0.34.0,0.34.0,C:/Users/echang/AppData/Local/R/win-library/4.5/DT,C:/Users/echang/AppData/Local/R/win-library/4.5/DT,FALSE,FALSE,2025-09-02,CRAN (R 4.5.2),TRUE,C:/Users/echang/AppData/Local/R/win-library/4.5
duckdb,1.4.3,NA,C:/Users/echang/AppData/Local/R/win-library/4.5/duckdb,NA,FALSE,FALSE,2025-12-10,CRAN (R 4.5.2),TRUE,C:/Users/echang/AppData/Local/R/win-library/4.5
dygraphs,1.1.1.6,NA,C:/Users/echang/AppData/Local/R/win-library/4.5/dygraphs,NA,FALSE,FALSE,2018-07-11,CRAN (R 4.5.2),TRUE,C:/Users/echang/AppData/Local/R/win-library/4.5
e1071,1.7-16,NA,C:/Users/echang/AppData/Local/R/win-library/4.5/e1071,NA,FALSE,FALSE,2024-09-16,CRAN (R 4.5.2),TRUE,C:/Users/echang/AppData/Local/R/win-library/4.5
ellipse,0.5.0,NA,C:/Users/echang/AppData/Local/R/win-library/4.5/ellipse,NA,FALSE,FALSE,2023-07-20,CRAN (R 4.5.2),TRUE,C:/Users/echang/AppData/Local/R/win-library/4.5
ellipsis,0.3.2,NA,C:/Users/echang/AppData/Local/R/win-library/4.5/ellipsis,NA,FALSE,FALSE,2021-04-29,CRAN (R 4.5.2),TRUE,C:/Users/echang/AppData/Local/R/win-library/4.5
emmeans,2.0.0,2.0.0,C:/Users/echang/AppData/Local/R/win-library/4.5/emmeans,C:/Users/echang/AppData/Local/R/win-library/4.5/emmeans,FALSE,FALSE,2025-10-29,CRAN (R 4.5.2),TRUE,C:/Users/echang/AppData/Local/R/win-library/4.5
envClean,0.0.0.9000,NA,C:/Users/echang/AppData/Local/R/win-library/4.5/envClean,NA,FALSE,FALSE,2025-12-23,Github (dew-landscapes/envClean@ef440a52c8e93c67a03270623e8d8e706e7a9cdc),TRUE,C:/Users/echang/AppData/Local/R/win-library/4.5
envFunc,0.0.0.9000,0.0.0.9000,C:/Users/echang/AppData/Local/R/win-library/4.5/envFunc,C:/Users/echang/AppData/Local/R/win-library/4.5/envFunc,FALSE,FALSE,2025-12-12,Github (dew-landscapes/envFunc@0ee7722794edd7ebb25bfce9c40731f1d8ec0d1f),TRUE,C:/Users/echang/AppData/Local/R/win-library/4.5
envTargets,0.0.0.9000,0.0.0.9000,C:/Users/echang/AppData/Local/R/win-library/4.5/envTargets,C:/Users/echang/AppData/Local/R/win-library/4.5/envTargets,FALSE,FALSE,2026-02-20,Github (dew-landscapes/envTargets@359638ade176f23798c61f22ca6338886d6fd4ff),TRUE,C:/Users/echang/AppData/Local/R/win-library/4.5
estimability,1.5.1,1.5.1,C:/Users/echang/AppData/Local/R/win-library/4.5/estimability,C:/Users/echang/AppData/Local/R/win-library/4.5/estimability,FALSE,FALSE,2024-05-12,CRAN (R 4.5.2),TRUE,C:/Users/echang/AppData/Local/R/win-library/4.5
evaluate,1.0.5,1.0.5,C:/Users/echang/AppData/Local/R/win-library/4.5/evaluate,C:/Users/echang/AppData/Local/R/win-library/4.5/evaluate,FALSE,FALSE,2025-08-27,CRAN (R 4.5.2),TRUE,C:/Users/echang/AppData/Local/R/win-library/4.5
factoextra,1.0.7,1.0.7,C:/Users/echang/AppData/Local/R/win-library/4.5/factoextra,C:/Users/echang/AppData/Local/R/win-library/4.5/factoextra,FALSE,FALSE,2020-04-01,CRAN (R 4.5.2),TRUE,C:/Users/echang/AppData/Local/R/win-library/4.5
FactoMineR,2.12,2.12,C:/Users/echang/AppData/Local/R/win-library/4.5/FactoMineR,C:/Users/echang/AppData/Local/R/win-library/4.5/FactoMineR,FALSE,FALSE,2025-07-23,CRAN (R 4.5.2),TRUE,C:/Users/echang/AppData/Local/R/win-library/4.5
fansi,1.0.7,NA,C:/Users/echang/AppData/Local/R/win-library/4.5/fansi,NA,FALSE,FALSE,2025-11-19,CRAN (R 4.5.2),TRUE,C:/Users/echang/AppData/Local/R/win-library/4.5
farver,2.1.2,2.1.2,C:/Users/echang/AppData/Local/R/win-library/4.5/farver,C:/Users/echang/AppData/Local/R/win-library/4.5/farver,FALSE,FALSE,2024-05-13,CRAN (R 4.5.2),TRUE,C:/Users/echang/AppData/Local/R/win-library/4.5
fastmap,1.2.0,1.2.0,C:/Users/echang/AppData/Local/R/win-library/4.5/fastmap,C:/Users/echang/AppData/Local/R/win-library/4.5/fastmap,FALSE,FALSE,2024-05-15,CRAN (R 4.5.2),TRUE,C:/Users/echang/AppData/Local/R/win-library/4.5
fastmatch,1.1-6,NA,C:/Users/echang/AppData/Local/R/win-library/4.5/fastmatch,NA,FALSE,FALSE,2024-12-23,CRAN (R 4.5.2),TRUE,C:/Users/echang/AppData/Local/R/win-library/4.5
flashClust,1.01-2,1.01-2,C:/Users/echang/AppData/Local/R/win-library/4.5/flashClust,C:/Users/echang/AppData/Local/R/win-library/4.5/flashClust,FALSE,FALSE,2012-08-21,CRAN (R 4.5.2),TRUE,C:/Users/echang/AppData/Local/R/win-library/4.5
fontawesome,0.5.3,NA,C:/Users/echang/AppData/Local/R/win-library/4.5/fontawesome,NA,FALSE,FALSE,2024-11-16,CRAN (R 4.5.2),TRUE,C:/Users/echang/AppData/Local/R/win-library/4.5
forcats,1.0.1,NA,C:/Users/echang/AppData/Local/R/win-library/4.5/forcats,NA,FALSE,FALSE,2025-09-25,CRAN (R 4.5.2),TRUE,C:/Users/echang/AppData/Local/R/win-library/4.5
forecast,8.24.0,NA,C:/Users/echang/AppData/Local/R/win-library/4.5/forecast,NA,FALSE,FALSE,2025-04-08,CRAN (R 4.5.2),TRUE,C:/Users/echang/AppData/Local/R/win-library/4.5
foreign,0.8-90,NA,C:/Program Files/R/R-4.5.1/library/foreign,NA,FALSE,FALSE,2025-03-31,CRAN (R 4.5.1),NA,C:/Program Files/R/R-4.5.1/library
Formula,1.2-5,NA,C:/Users/echang/AppData/Local/R/win-library/4.5/Formula,NA,FALSE,FALSE,2023-02-24,CRAN (R 4.5.2),TRUE,C:/Users/echang/AppData/Local/R/win-library/4.5
fracdiff,1.5-3,NA,C:/Users/echang/AppData/Local/R/win-library/4.5/fracdiff,NA,FALSE,FALSE,2024-02-01,CRAN (R 4.5.2),TRUE,C:/Users/echang/AppData/Local/R/win-library/4.5
fs,1.6.6,1.6.6,C:/Users/echang/AppData/Local/R/win-library/4.5/fs,C:/Users/echang/AppData/Local/R/win-library/4.5/fs,FALSE,FALSE,2025-04-12,CRAN (R 4.5.2),TRUE,C:/Users/echang/AppData/Local/R/win-library/4.5
galah,2.1.2,NA,C:/Users/echang/AppData/Local/R/win-library/4.5/galah,NA,FALSE,FALSE,2025-06-12,CRAN (R 4.5.2),TRUE,C:/Users/echang/AppData/Local/R/win-library/4.5
generics,0.1.4,0.1.4,C:/Users/echang/AppData/Local/R/win-library/4.5/generics,C:/Users/echang/AppData/Local/R/win-library/4.5/generics,FALSE,FALSE,2025-05-09,CRAN (R 4.5.2),TRUE,C:/Users/echang/AppData/Local/R/win-library/4.5
geojsonsf,2.0.5,NA,C:/Users/echang/AppData/Local/R/win-library/4.5/geojsonsf,NA,FALSE,FALSE,2025-11-26,CRAN (R 4.5.2),TRUE,C:/Users/echang/AppData/Local/R/win-library/4.5
geometries,0.2.5,NA,C:/Users/echang/AppData/Local/R/win-library/4.5/geometries,NA,FALSE,FALSE,2025-11-23,CRAN (R 4.5.2),TRUE,C:/Users/echang/AppData/Local/R/win-library/4.5
gert,2.2.0,NA,C:/Users/echang/AppData/Local/R/win-library/4.5/gert,NA,FALSE,FALSE,2025-11-16,CRAN (R 4.5.2),TRUE,C:/Users/echang/AppData/Local/R/win-library/4.5
ggplot2,4.0.1,4.0.1,C:/Users/echang/AppData/Local/R/win-library/4.5/ggplot2,C:/Users/echang/AppData/Local/R/win-library/4.5/ggplot2,FALSE,FALSE,2025-11-14,CRAN (R 4.5.2),TRUE,C:/Users/echang/AppData/Local/R/win-library/4.5
ggpubr,0.6.2,NA,C:/Users/echang/AppData/Local/R/win-library/4.5/ggpubr,NA,FALSE,FALSE,2025-10-17,CRAN (R 4.5.2),TRUE,C:/Users/echang/AppData/Local/R/win-library/4.5
ggrepel,0.9.6,0.9.6,C:/Users/echang/AppData/Local/R/win-library/4.5/ggrepel,C:/Users/echang/AppData/Local/R/win-library/4.5/ggrepel,FALSE,FALSE,2024-09-07,CRAN (R 4.5.2),TRUE,C:/Users/echang/AppData/Local/R/win-library/4.5
ggridges,0.5.7,NA,C:/Users/echang/AppData/Local/R/win-library/4.5/ggridges,NA,FALSE,FALSE,2025-08-27,CRAN (R 4.5.2),TRUE,C:/Users/echang/AppData/Local/R/win-library/4.5
ggsci,4.1.0,NA,C:/Users/echang/AppData/Local/R/win-library/4.5/ggsci,NA,FALSE,FALSE,2025-10-25,CRAN (R 4.5.2),TRUE,C:/Users/echang/AppData/Local/R/win-library/4.5
ggsignif,0.6.4,NA,C:/Users/echang/AppData/Local/R/win-library/4.5/ggsignif,NA,FALSE,FALSE,2022-10-13,CRAN (R 4.5.2),TRUE,C:/Users/echang/AppData/Local/R/win-library/4.5
gh,1.5.0,NA,C:/Users/echang/AppData/Local/R/win-library/4.5/gh,NA,FALSE,FALSE,2025-05-26,CRAN (R 4.5.2),TRUE,C:/Users/echang/AppData/Local/R/win-library/4.5
gitcreds,0.1.2,NA,C:/Users/echang/AppData/Local/R/win-library/4.5/gitcreds,NA,FALSE,FALSE,2022-09-08,CRAN (R 4.5.2),TRUE,C:/Users/echang/AppData/Local/R/win-library/4.5
glue,1.8.0,1.8.0,C:/Users/echang/AppData/Local/R/win-library/4.5/glue,C:/Users/echang/AppData/Local/R/win-library/4.5/glue,FALSE,FALSE,2024-09-30,CRAN (R 4.5.2),TRUE,C:/Users/echang/AppData/Local/R/win-library/4.5
graphics,4.5.1,4.5.1,C:/PROGRA~1/R/R-45~1.1/library/graphics,C:/Program Files/R/R-4.5.1/library/graphics,TRUE,TRUE,2025-06-13,local,NA,C:/Program Files/R/R-4.5.1/library
grDevices,4.5.1,4.5.1,C:/PROGRA~1/R/R-45~1.1/library/grDevices,C:/Program Files/R/R-4.5.1/library/grDevices,TRUE,TRUE,2025-06-13,local,NA,C:/Program Files/R/R-4.5.1/library
grid,4.5.1,4.5.1,C:/PROGRA~1/R/R-45~1.1/library/grid,C:/Program Files/R/R-4.5.1/library/grid,FALSE,TRUE,2025-06-13,local,NA,C:/Program Files/R/R-4.5.1/library
gridExtra,2.3,NA,C:/Users/echang/AppData/Local/R/win-library/4.5/gridExtra,NA,FALSE,FALSE,2017-09-09,CRAN (R 4.5.2),TRUE,C:/Users/echang/AppData/Local/R/win-library/4.5
gtable,0.3.6,0.3.6,C:/Users/echang/AppData/Local/R/win-library/4.5/gtable,C:/Users/echang/AppData/Local/R/win-library/4.5/gtable,FALSE,FALSE,2024-10-25,CRAN (R 4.5.2),TRUE,C:/Users/echang/AppData/Local/R/win-library/4.5
gtools,3.9.5,NA,C:/Users/echang/AppData/Local/R/win-library/4.5/gtools,NA,FALSE,FALSE,2023-11-20,CRAN (R 4.5.2),TRUE,C:/Users/echang/AppData/Local/R/win-library/4.5
haven,2.5.5,NA,C:/Users/echang/AppData/Local/R/win-library/4.5/haven,NA,FALSE,FALSE,2025-05-30,CRAN (R 4.5.2),TRUE,C:/Users/echang/AppData/Local/R/win-library/4.5
here,1.0.2,1.0.2,C:/Users/echang/AppData/Local/R/win-library/4.5/here,C:/Users/echang/AppData/Local/R/win-library/4.5/here,FALSE,FALSE,2025-09-15,CRAN (R 4.5.2),TRUE,C:/Users/echang/AppData/Local/R/win-library/4.5
highr,0.11,NA,C:/Users/echang/AppData/Local/R/win-library/4.5/highr,NA,FALSE,FALSE,2024-05-26,CRAN (R 4.5.2),TRUE,C:/Users/echang/AppData/Local/R/win-library/4.5
Hmisc,5.2-4,NA,C:/Users/echang/AppData/Local/R/win-library/4.5/Hmisc,NA,FALSE,FALSE,2025-10-05,CRAN (R 4.5.2),TRUE,C:/Users/echang/AppData/Local/R/win-library/4.5
hms,1.1.4,1.1.4,C:/Users/echang/AppData/Local/R/win-library/4.5/hms,C:/Users/echang/AppData/Local/R/win-library/4.5/hms,FALSE,FALSE,2025-10-17,CRAN (R 4.5.2),TRUE,C:/Users/echang/AppData/Local/R/win-library/4.5
htmlTable,2.4.3,NA,C:/Users/echang/AppData/Local/R/win-library/4.5/htmlTable,NA,FALSE,FALSE,2024-07-21,CRAN (R 4.5.2),TRUE,C:/Users/echang/AppData/Local/R/win-library/4.5
htmltools,0.5.9,0.5.9,C:/Users/echang/AppData/Local/R/win-library/4.5/htmltools,C:/Users/echang/AppData/Local/R/win-library/4.5/htmltools,FALSE,FALSE,2025-12-04,CRAN (R 4.5.2),TRUE,C:/Users/echang/AppData/Local/R/win-library/4.5
htmlwidgets,1.6.4,1.6.4,C:/Users/echang/AppData/Local/R/win-library/4.5/htmlwidgets,C:/Users/echang/AppData/Local/R/win-library/4.5/htmlwidgets,FALSE,FALSE,2023-12-06,CRAN (R 4.5.2),TRUE,C:/Users/echang/AppData/Local/R/win-library/4.5
httpcode,0.3.0,NA,C:/Users/echang/AppData/Local/R/win-library/4.5/httpcode,NA,FALSE,FALSE,2020-04-10,CRAN (R 4.5.2),TRUE,C:/Users/echang/AppData/Local/R/win-library/4.5
httpuv,1.6.16,NA,C:/Users/echang/AppData/Local/R/win-library/4.5/httpuv,NA,FALSE,FALSE,2025-04-16,CRAN (R 4.5.2),TRUE,C:/Users/echang/AppData/Local/R/win-library/4.5
httr,1.4.7,NA,C:/Users/echang/AppData/Local/R/win-library/4.5/httr,NA,FALSE,FALSE,2023-08-15,CRAN (R 4.5.2),TRUE,C:/Users/echang/AppData/Local/R/win-library/4.5
httr2,1.2.2,NA,C:/Users/echang/AppData/Local/R/win-library/4.5/httr2,NA,FALSE,FALSE,2025-12-08,CRAN (R 4.5.1),TRUE,C:/Users/echang/AppData/Local/R/win-library/4.5
igraph,2.2.1,2.2.1,C:/Users/echang/AppData/Local/R/win-library/4.5/igraph,C:/Users/echang/AppData/Local/R/win-library/4.5/igraph,FALSE,FALSE,2025-10-27,CRAN (R 4.5.2),TRUE,C:/Users/echang/AppData/Local/R/win-library/4.5
ini,0.3.1,NA,C:/Users/echang/AppData/Local/R/win-library/4.5/ini,NA,FALSE,FALSE,2018-05-20,CRAN (R 4.5.2),TRUE,C:/Users/echang/AppData/Local/R/win-library/4.5
inline,0.3.21,NA,C:/Users/echang/AppData/Local/R/win-library/4.5/inline,NA,FALSE,FALSE,2025-01-09,CRAN (R 4.5.2),TRUE,C:/Users/echang/AppData/Local/R/win-library/4.5
isoband,0.2.7,NA,C:/Users/echang/AppData/Local/R/win-library/4.5/isoband,NA,FALSE,FALSE,2022-12-20,CRAN (R 4.5.2),TRUE,C:/Users/echang/AppData/Local/R/win-library/4.5
janeaustenr,1.0.0,NA,C:/Users/echang/AppData/Local/R/win-library/4.5/janeaustenr,NA,FALSE,FALSE,2022-08-26,CRAN (R 4.5.2),TRUE,C:/Users/echang/AppData/Local/R/win-library/4.5
janitor,2.2.1,2.2.1,C:/Users/echang/AppData/Local/R/win-library/4.5/janitor,C:/Users/echang/AppData/Local/R/win-library/4.5/janitor,FALSE,FALSE,2024-12-22,CRAN (R 4.5.2),TRUE,C:/Users/echang/AppData/Local/R/win-library/4.5
jquerylib,0.1.4,NA,C:/Users/echang/AppData/Local/R/win-library/4.5/jquerylib,NA,FALSE,FALSE,2021-04-26,CRAN (R 4.5.2),TRUE,C:/Users/echang/AppData/Local/R/win-library/4.5
jsonify,1.2.3,NA,C:/Users/echang/AppData/Local/R/win-library/4.5/jsonify,NA,FALSE,FALSE,2025-11-25,CRAN (R 4.5.2),TRUE,C:/Users/echang/AppData/Local/R/win-library/4.5
jsonlite,2.0.0,NA,C:/Users/echang/AppData/Local/R/win-library/4.5/jsonlite,NA,FALSE,FALSE,2025-03-27,CRAN (R 4.5.2),TRUE,C:/Users/echang/AppData/Local/R/win-library/4.5
KernSmooth,2.23-26,NA,C:/Program Files/R/R-4.5.1/library/KernSmooth,NA,FALSE,FALSE,2025-01-01,CRAN (R 4.5.1),NA,C:/Program Files/R/R-4.5.1/library
knitr,1.50,1.50,C:/Users/echang/AppData/Local/R/win-library/4.5/knitr,C:/Users/echang/AppData/Local/R/win-library/4.5/knitr,FALSE,FALSE,2025-03-16,CRAN (R 4.5.2),TRUE,C:/Users/echang/AppData/Local/R/win-library/4.5
labeling,0.4.3,NA,C:/Users/echang/AppData/Local/R/win-library/4.5/labeling,NA,FALSE,FALSE,2023-08-29,CRAN (R 4.5.2),TRUE,C:/Users/echang/AppData/Local/R/win-library/4.5
later,1.4.4,NA,C:/Users/echang/AppData/Local/R/win-library/4.5/later,NA,FALSE,FALSE,2025-08-27,CRAN (R 4.5.2),TRUE,C:/Users/echang/AppData/Local/R/win-library/4.5
lattice,0.22-7,0.22-7,C:/Program Files/R/R-4.5.1/library/lattice,C:/Program Files/R/R-4.5.1/library/lattice,FALSE,FALSE,2025-04-02,CRAN (R 4.5.1),NA,C:/Program Files/R/R-4.5.1/library
lazyeval,0.2.2,NA,C:/Users/echang/AppData/Local/R/win-library/4.5/lazyeval,NA,FALSE,FALSE,2019-03-15,CRAN (R 4.5.2),TRUE,C:/Users/echang/AppData/Local/R/win-library/4.5
leafem,0.2.5,NA,C:/Users/echang/AppData/Local/R/win-library/4.5/leafem,NA,FALSE,FALSE,2025-08-28,CRAN (R 4.5.2),TRUE,C:/Users/echang/AppData/Local/R/win-library/4.5
leafgl,0.2.2,NA,C:/Users/echang/AppData/Local/R/win-library/4.5/leafgl,NA,FALSE,FALSE,2024-11-13,CRAN (R 4.5.2),TRUE,C:/Users/echang/AppData/Local/R/win-library/4.5
leaflegend,1.2.1,NA,C:/Users/echang/AppData/Local/R/win-library/4.5/leaflegend,NA,FALSE,FALSE,2024-05-09,CRAN (R 4.5.2),TRUE,C:/Users/echang/AppData/Local/R/win-library/4.5
leaflet,2.2.3,NA,C:/Users/echang/AppData/Local/R/win-library/4.5/leaflet,NA,FALSE,FALSE,2025-09-04,CRAN (R 4.5.2),TRUE,C:/Users/echang/AppData/Local/R/win-library/4.5
leaflet.providers,2.0.0,NA,C:/Users/echang/AppData/Local/R/win-library/4.5/leaflet.providers,NA,FALSE,FALSE,2023-10-17,CRAN (R 4.5.2),TRUE,C:/Users/echang/AppData/Local/R/win-library/4.5
leafsync,0.1.0,NA,C:/Users/echang/AppData/Local/R/win-library/4.5/leafsync,NA,FALSE,FALSE,2019-03-05,CRAN (R 4.5.2),TRUE,C:/Users/echang/AppData/Local/R/win-library/4.5
leaps,3.2,3.2,C:/Users/echang/AppData/Local/R/win-library/4.5/leaps,C:/Users/echang/AppData/Local/R/win-library/4.5/leaps,FALSE,FALSE,2024-06-10,CRAN (R 4.5.2),TRUE,C:/Users/echang/AppData/Local/R/win-library/4.5
lifecycle,1.0.4,1.0.4,C:/Users/echang/AppData/Local/R/win-library/4.5/lifecycle,C:/Users/echang/AppData/Local/R/win-library/4.5/lifecycle,FALSE,FALSE,2023-11-07,CRAN (R 4.5.2),TRUE,C:/Users/echang/AppData/Local/R/win-library/4.5
litedown,0.8,NA,C:/Users/echang/AppData/Local/R/win-library/4.5/litedown,NA,FALSE,FALSE,2025-11-02,CRAN (R 4.5.2),TRUE,C:/Users/echang/AppData/Local/R/win-library/4.5
lme4,1.1-38,NA,C:/Users/echang/AppData/Local/R/win-library/4.5/lme4,NA,FALSE,FALSE,2025-12-02,CRAN (R 4.5.2),TRUE,C:/Users/echang/AppData/Local/R/win-library/4.5
lmtest,0.9-40,NA,C:/Users/echang/AppData/Local/R/win-library/4.5/lmtest,NA,FALSE,FALSE,2022-03-21,CRAN (R 4.5.2),TRUE,C:/Users/echang/AppData/Local/R/win-library/4.5
lobstr,1.1.3,NA,C:/Users/echang/AppData/Local/R/win-library/4.5/lobstr,NA,FALSE,FALSE,2025-11-14,CRAN (R 4.5.2),TRUE,C:/Users/echang/AppData/Local/R/win-library/4.5
logger,0.4.1,NA,C:/Users/echang/AppData/Local/R/win-library/4.5/logger,NA,FALSE,FALSE,2025-09-11,CRAN (R 4.5.2),TRUE,C:/Users/echang/AppData/Local/R/win-library/4.5
loo,2.8.0,NA,C:/Users/echang/AppData/Local/R/win-library/4.5/loo,NA,FALSE,FALSE,2024-07-03,CRAN (R 4.5.2),TRUE,C:/Users/echang/AppData/Local/R/win-library/4.5
lubridate,1.9.4,1.9.4,C:/Users/echang/AppData/Local/R/win-library/4.5/lubridate,C:/Users/echang/AppData/Local/R/win-library/4.5/lubridate,FALSE,FALSE,2024-12-08,CRAN (R 4.5.2),TRUE,C:/Users/echang/AppData/Local/R/win-library/4.5
lwgeom,0.2-14,NA,C:/Users/echang/AppData/Local/R/win-library/4.5/lwgeom,NA,FALSE,FALSE,2024-02-21,CRAN (R 4.5.2),TRUE,C:/Users/echang/AppData/Local/R/win-library/4.5
magrittr,2.0.4,2.0.4,C:/Users/echang/AppData/Local/R/win-library/4.5/magrittr,C:/Users/echang/AppData/Local/R/win-library/4.5/magrittr,FALSE,FALSE,2025-09-12,CRAN (R 4.5.2),TRUE,C:/Users/echang/AppData/Local/R/win-library/4.5
maptiles,0.10.0,NA,C:/Users/echang/AppData/Local/R/win-library/4.5/maptiles,NA,FALSE,FALSE,2025-05-07,CRAN (R 4.5.2),TRUE,C:/Users/echang/AppData/Local/R/win-library/4.5
markdown,2.0,NA,C:/Users/echang/AppData/Local/R/win-library/4.5/markdown,NA,FALSE,FALSE,2025-03-23,CRAN (R 4.5.2),TRUE,C:/Users/echang/AppData/Local/R/win-library/4.5
MASS,7.3-65,7.3-65,C:/Program Files/R/R-4.5.1/library/MASS,C:/Program Files/R/R-4.5.1/library/MASS,FALSE,FALSE,2025-02-28,CRAN (R 4.5.1),NA,C:/Program Files/R/R-4.5.1/library
Matrix,1.7-3,NA,C:/Program Files/R/R-4.5.1/library/Matrix,NA,FALSE,FALSE,2025-03-11,CRAN (R 4.5.1),NA,C:/Program Files/R/R-4.5.1/library
MatrixModels,0.5-4,NA,C:/Users/echang/AppData/Local/R/win-library/4.5/MatrixModels,NA,FALSE,FALSE,2025-03-26,CRAN (R 4.5.2),TRUE,C:/Users/echang/AppData/Local/R/win-library/4.5
matrixStats,1.5.0,NA,C:/Users/echang/AppData/Local/R/win-library/4.5/matrixStats,NA,FALSE,FALSE,2025-01-07,CRAN (R 4.5.2),TRUE,C:/Users/echang/AppData/Local/R/win-library/4.5
memoise,2.0.1,NA,C:/Users/echang/AppData/Local/R/win-library/4.5/memoise,NA,FALSE,FALSE,2021-11-26,CRAN (R 4.5.2),TRUE,C:/Users/echang/AppData/Local/R/win-library/4.5
methods,4.5.1,4.5.1,C:/PROGRA~1/R/R-45~1.1/library/methods,C:/Program Files/R/R-4.5.1/library/methods,TRUE,TRUE,2025-06-13,local,NA,C:/Program Files/R/R-4.5.1/library
mgcv,1.9-3,NA,C:/Program Files/R/R-4.5.1/library/mgcv,NA,FALSE,FALSE,2025-04-04,CRAN (R 4.5.1),NA,C:/Program Files/R/R-4.5.1/library
microbenchmark,1.5.0,NA,C:/Users/echang/AppData/Local/R/win-library/4.5/microbenchmark,NA,FALSE,FALSE,2024-09-04,CRAN (R 4.5.2),TRUE,C:/Users/echang/AppData/Local/R/win-library/4.5
mime,0.13,NA,C:/Users/echang/AppData/Local/R/win-library/4.5/mime,NA,FALSE,FALSE,2025-03-17,CRAN (R 4.5.2),TRUE,C:/Users/echang/AppData/Local/R/win-library/4.5
miniUI,0.1.2,NA,C:/Users/echang/AppData/Local/R/win-library/4.5/miniUI,NA,FALSE,FALSE,2025-04-17,CRAN (R 4.5.2),TRUE,C:/Users/echang/AppData/Local/R/win-library/4.5
minqa,1.2.8,NA,C:/Users/echang/AppData/Local/R/win-library/4.5/minqa,NA,FALSE,FALSE,2024-08-17,CRAN (R 4.5.2),TRUE,C:/Users/echang/AppData/Local/R/win-library/4.5
modelr,0.1.11,NA,C:/Users/echang/AppData/Local/R/win-library/4.5/modelr,NA,FALSE,FALSE,2023-03-22,CRAN (R 4.5.2),TRUE,C:/Users/echang/AppData/Local/R/win-library/4.5
multcompView,0.1-10,0.1-10,C:/Users/echang/AppData/Local/R/win-library/4.5/multcompView,C:/Users/echang/AppData/Local/R/win-library/4.5/multcompView,FALSE,FALSE,2024-03-08,CRAN (R 4.5.2),TRUE,C:/Users/echang/AppData/Local/R/win-library/4.5
mvtnorm,1.3-3,1.3-3,C:/Users/echang/AppData/Local/R/win-library/4.5/mvtnorm,C:/Users/echang/AppData/Local/R/win-library/4.5/mvtnorm,FALSE,FALSE,2025-01-10,CRAN (R 4.5.2),TRUE,C:/Users/echang/AppData/Local/R/win-library/4.5
natserv,1.0.0,NA,C:/Users/echang/AppData/Local/R/win-library/4.5/natserv,NA,FALSE,FALSE,2020-05-16,CRAN (R 4.5.2),TRUE,C:/Users/echang/AppData/Local/R/win-library/4.5
nlme,3.1-168,NA,C:/Program Files/R/R-4.5.1/library/nlme,NA,FALSE,FALSE,2025-03-31,CRAN (R 4.5.1),NA,C:/Program Files/R/R-4.5.1/library
nloptr,2.2.1,NA,C:/Users/echang/AppData/Local/R/win-library/4.5/nloptr,NA,FALSE,FALSE,2025-03-17,CRAN (R 4.5.2),TRUE,C:/Users/echang/AppData/Local/R/win-library/4.5
nnet,7.3-20,NA,C:/Program Files/R/R-4.5.1/library/nnet,NA,FALSE,FALSE,2025-01-01,CRAN (R 4.5.1),NA,C:/Program Files/R/R-4.5.1/library
numDeriv,2016.8-1.1,NA,C:/Users/echang/AppData/Local/R/win-library/4.5/numDeriv,NA,FALSE,FALSE,2019-06-06,CRAN (R 4.5.2),TRUE,C:/Users/echang/AppData/Local/R/win-library/4.5
oai,0.4.0,NA,C:/Users/echang/AppData/Local/R/win-library/4.5/oai,NA,FALSE,FALSE,2022-11-10,CRAN (R 4.5.2),TRUE,C:/Users/echang/AppData/Local/R/win-library/4.5
openssl,2.3.4,NA,C:/Users/echang/AppData/Local/R/win-library/4.5/openssl,NA,FALSE,FALSE,2025-09-30,CRAN (R 4.5.2),TRUE,C:/Users/echang/AppData/Local/R/win-library/4.5
otel,0.2.0,NA,C:/Users/echang/AppData/Local/R/win-library/4.5/otel,NA,FALSE,FALSE,2025-08-29,CRAN (R 4.5.2),TRUE,C:/Users/echang/AppData/Local/R/win-library/4.5
parallel,4.5.1,4.5.1,C:/PROGRA~1/R/R-45~1.1/library/parallel,C:/Program Files/R/R-4.5.1/library/parallel,FALSE,TRUE,2025-06-13,local,NA,C:/Program Files/R/R-4.5.1/library
pbapply,1.7-4,NA,C:/Users/echang/AppData/Local/R/win-library/4.5/pbapply,NA,FALSE,FALSE,2025-07-20,CRAN (R 4.5.2),TRUE,C:/Users/echang/AppData/Local/R/win-library/4.5
pbkrtest,0.5.5,NA,C:/Users/echang/AppData/Local/R/win-library/4.5/pbkrtest,NA,FALSE,FALSE,2025-07-18,CRAN (R 4.5.2),TRUE,C:/Users/echang/AppData/Local/R/win-library/4.5
phangorn,2.12.1,NA,C:/Users/echang/AppData/Local/R/win-library/4.5/phangorn,NA,FALSE,FALSE,2024-09-17,CRAN (R 4.5.2),TRUE,C:/Users/echang/AppData/Local/R/win-library/4.5
pillar,1.11.1,1.11.1,C:/Users/echang/AppData/Local/R/win-library/4.5/pillar,C:/Users/echang/AppData/Local/R/win-library/4.5/pillar,FALSE,FALSE,2025-09-17,CRAN (R 4.5.2),TRUE,C:/Users/echang/AppData/Local/R/win-library/4.5
pkgbuild,1.4.8,1.4.8,C:/Users/echang/AppData/Local/R/win-library/4.5/pkgbuild,C:/Users/echang/AppData/Local/R/win-library/4.5/pkgbuild,FALSE,FALSE,2025-05-26,CRAN (R 4.5.2),TRUE,C:/Users/echang/AppData/Local/R/win-library/4.5
pkgconfig,2.0.3,2.0.3,C:/Users/echang/AppData/Local/R/win-library/4.5/pkgconfig,C:/Users/echang/AppData/Local/R/win-library/4.5/pkgconfig,FALSE,FALSE,2019-09-22,CRAN (R 4.5.2),TRUE,C:/Users/echang/AppData/Local/R/win-library/4.5
pkgdown,2.2.0,NA,C:/Users/echang/AppData/Local/R/win-library/4.5/pkgdown,NA,FALSE,FALSE,2025-11-06,CRAN (R 4.5.2),TRUE,C:/Users/echang/AppData/Local/R/win-library/4.5
pkgload,1.4.1,NA,C:/Users/echang/AppData/Local/R/win-library/4.5/pkgload,NA,FALSE,FALSE,2025-09-23,CRAN (R 4.5.2),TRUE,C:/Users/echang/AppData/Local/R/win-library/4.5
plyr,1.8.9,NA,C:/Users/echang/AppData/Local/R/win-library/4.5/plyr,NA,FALSE,FALSE,2023-10-02,CRAN (R 4.5.2),TRUE,C:/Users/echang/AppData/Local/R/win-library/4.5
png,0.1-8,NA,C:/Users/echang/AppData/Local/R/win-library/4.5/png,NA,FALSE,FALSE,2022-11-29,CRAN (R 4.5.2),TRUE,C:/Users/echang/AppData/Local/R/win-library/4.5
polynom,1.4-1,NA,C:/Users/echang/AppData/Local/R/win-library/4.5/polynom,NA,FALSE,FALSE,2022-04-11,CRAN (R 4.5.2),TRUE,C:/Users/echang/AppData/Local/R/win-library/4.5
posterior,1.6.1,NA,C:/Users/echang/AppData/Local/R/win-library/4.5/posterior,NA,FALSE,FALSE,2025-02-27,CRAN (R 4.5.2),TRUE,C:/Users/echang/AppData/Local/R/win-library/4.5
potions,0.2.0,NA,C:/Users/echang/AppData/Local/R/win-library/4.5/potions,NA,FALSE,FALSE,2023-08-23,CRAN (R 4.5.2),TRUE,C:/Users/echang/AppData/Local/R/win-library/4.5
praise,1.0.0,NA,C:/Users/echang/AppData/Local/R/win-library/4.5/praise,NA,FALSE,FALSE,2015-08-11,CRAN (R 4.5.2),TRUE,C:/Users/echang/AppData/Local/R/win-library/4.5
prettyunits,1.2.0,1.2.0,C:/Users/echang/AppData/Local/R/win-library/4.5/prettyunits,C:/Users/echang/AppData/Local/R/win-library/4.5/prettyunits,FALSE,FALSE,2023-09-24,CRAN (R 4.5.2),TRUE,C:/Users/echang/AppData/Local/R/win-library/4.5
processx,3.8.6,3.8.6,C:/Users/echang/AppData/Local/R/win-library/4.5/processx,C:/Users/echang/AppData/Local/R/win-library/4.5/processx,FALSE,FALSE,2025-02-21,CRAN (R 4.5.2),TRUE,C:/Users/echang/AppData/Local/R/win-library/4.5
profvis,0.4.0,NA,C:/Users/echang/AppData/Local/R/win-library/4.5/profvis,NA,FALSE,FALSE,2024-09-20,CRAN (R 4.5.2),TRUE,C:/Users/echang/AppData/Local/R/win-library/4.5
progress,1.2.3,NA,C:/Users/echang/AppData/Local/R/win-library/4.5/progress,NA,FALSE,FALSE,2023-12-06,CRAN (R 4.5.2),TRUE,C:/Users/echang/AppData/Local/R/win-library/4.5
promises,1.5.0,NA,C:/Users/echang/AppData/Local/R/win-library/4.5/promises,NA,FALSE,FALSE,2025-11-01,CRAN (R 4.5.2),TRUE,C:/Users/echang/AppData/Local/R/win-library/4.5
proxy,0.4-27,NA,C:/Users/echang/AppData/Local/R/win-library/4.5/proxy,NA,FALSE,FALSE,2022-06-09,CRAN (R 4.5.2),TRUE,C:/Users/echang/AppData/Local/R/win-library/4.5
ps,1.9.1,1.9.1,C:/Users/echang/AppData/Local/R/win-library/4.5/ps,C:/Users/echang/AppData/Local/R/win-library/4.5/ps,FALSE,FALSE,2025-04-12,CRAN (R 4.5.2),TRUE,C:/Users/echang/AppData/Local/R/win-library/4.5
purrr,1.2.0,1.2.0,C:/Users/echang/AppData/Local/R/win-library/4.5/purrr,C:/Users/echang/AppData/Local/R/win-library/4.5/purrr,FALSE,FALSE,2025-11-04,CRAN (R 4.5.2),TRUE,C:/Users/echang/AppData/Local/R/win-library/4.5
quadprog,1.5-8,NA,C:/Users/echang/AppData/Local/R/win-library/4.5/quadprog,NA,FALSE,FALSE,2019-11-20,CRAN (R 4.5.0),TRUE,C:/Users/echang/AppData/Local/R/win-library/4.5
quantmod,0.4.28,NA,C:/Users/echang/AppData/Local/R/win-library/4.5/quantmod,NA,FALSE,FALSE,2025-06-19,CRAN (R 4.5.2),TRUE,C:/Users/echang/AppData/Local/R/win-library/4.5
quantreg,6.1,NA,C:/Users/echang/AppData/Local/R/win-library/4.5/quantreg,NA,FALSE,FALSE,2025-03-10,CRAN (R 4.5.2),TRUE,C:/Users/echang/AppData/Local/R/win-library/4.5
QuickJSR,1.8.1,NA,C:/Users/echang/AppData/Local/R/win-library/4.5/QuickJSR,NA,FALSE,FALSE,2025-09-20,CRAN (R 4.5.2),TRUE,C:/Users/echang/AppData/Local/R/win-library/4.5
R.methodsS3,1.8.2,NA,C:/Users/echang/AppData/Local/R/win-library/4.5/R.methodsS3,NA,FALSE,FALSE,2022-06-13,CRAN (R 4.5.2),TRUE,C:/Users/echang/AppData/Local/R/win-library/4.5
R.oo,1.27.1,NA,C:/Users/echang/AppData/Local/R/win-library/4.5/R.oo,NA,FALSE,FALSE,2025-05-02,CRAN (R 4.5.2),TRUE,C:/Users/echang/AppData/Local/R/win-library/4.5
R.utils,2.13.0,NA,C:/Users/echang/AppData/Local/R/win-library/4.5/R.utils,NA,FALSE,FALSE,2025-02-24,CRAN (R 4.5.2),TRUE,C:/Users/echang/AppData/Local/R/win-library/4.5
R6,2.6.1,2.6.1,C:/Users/echang/AppData/Local/R/win-library/4.5/R6,C:/Users/echang/AppData/Local/R/win-library/4.5/R6,FALSE,FALSE,2025-02-15,CRAN (R 4.5.2),TRUE,C:/Users/echang/AppData/Local/R/win-library/4.5
ragg,1.5.0,NA,C:/Users/echang/AppData/Local/R/win-library/4.5/ragg,NA,FALSE,FALSE,2025-09-02,CRAN (R 4.5.2),TRUE,C:/Users/echang/AppData/Local/R/win-library/4.5
rapidjsonr,1.2.1,NA,C:/Users/echang/AppData/Local/R/win-library/4.5/rapidjsonr,NA,FALSE,FALSE,2025-11-24,CRAN (R 4.5.2),TRUE,C:/Users/echang/AppData/Local/R/win-library/4.5
rappdirs,0.3.3,NA,C:/Users/echang/AppData/Local/R/win-library/4.5/rappdirs,NA,FALSE,FALSE,2021-01-31,CRAN (R 4.5.2),TRUE,C:/Users/echang/AppData/Local/R/win-library/4.5
raster,3.6-32,NA,C:/Users/echang/AppData/Local/R/win-library/4.5/raster,NA,FALSE,FALSE,2025-03-28,CRAN (R 4.5.2),TRUE,C:/Users/echang/AppData/Local/R/win-library/4.5
ratelimitr,0.4.2,NA,C:/Users/echang/AppData/Local/R/win-library/4.5/ratelimitr,NA,FALSE,FALSE,2025-10-13,CRAN (R 4.5.2),TRUE,C:/Users/echang/AppData/Local/R/win-library/4.5
rbibutils,2.4,NA,C:/Users/echang/AppData/Local/R/win-library/4.5/rbibutils,NA,FALSE,FALSE,2025-11-07,CRAN (R 4.5.2),TRUE,C:/Users/echang/AppData/Local/R/win-library/4.5
rcmdcheck,1.4.0,NA,C:/Users/echang/AppData/Local/R/win-library/4.5/rcmdcheck,NA,FALSE,FALSE,2021-09-27,CRAN (R 4.5.2),TRUE,C:/Users/echang/AppData/Local/R/win-library/4.5
RColorBrewer,1.1-3,1.1-3,C:/Users/echang/AppData/Local/R/win-library/4.5/RColorBrewer,C:/Users/echang/AppData/Local/R/win-library/4.5/RColorBrewer,FALSE,FALSE,2022-04-03,CRAN (R 4.5.2),TRUE,C:/Users/echang/AppData/Local/R/win-library/4.5
Rcpp,1.1.0,1.1.0,C:/Users/echang/AppData/Local/R/win-library/4.5/Rcpp,C:/Users/echang/AppData/Local/R/win-library/4.5/Rcpp,FALSE,FALSE,2025-07-02,CRAN (R 4.5.2),TRUE,C:/Users/echang/AppData/Local/R/win-library/4.5
RcppArmadillo,15.2.2-1,NA,C:/Users/echang/AppData/Local/R/win-library/4.5/RcppArmadillo,NA,FALSE,FALSE,2025-11-22,CRAN (R 4.5.2),TRUE,C:/Users/echang/AppData/Local/R/win-library/4.5
RcppEigen,0.3.4.0.2,NA,C:/Users/echang/AppData/Local/R/win-library/4.5/RcppEigen,NA,FALSE,FALSE,2024-08-24,CRAN (R 4.5.2),TRUE,C:/Users/echang/AppData/Local/R/win-library/4.5
RcppParallel,5.1.11-1,NA,C:/Users/echang/AppData/Local/R/win-library/4.5/RcppParallel,NA,FALSE,FALSE,2025-08-27,CRAN (R 4.5.2),FALSE,C:/Users/echang/AppData/Local/R/win-library/4.5
Rdpack,2.6.4,NA,C:/Users/echang/AppData/Local/R/win-library/4.5/Rdpack,NA,FALSE,FALSE,2025-04-09,CRAN (R 4.5.2),TRUE,C:/Users/echang/AppData/Local/R/win-library/4.5
readr,2.1.6,2.1.6,C:/Users/echang/AppData/Local/R/win-library/4.5/readr,C:/Users/echang/AppData/Local/R/win-library/4.5/readr,FALSE,FALSE,2025-11-14,CRAN (R 4.5.2),TRUE,C:/Users/echang/AppData/Local/R/win-library/4.5
readxl,1.4.5,1.4.5,C:/Users/echang/AppData/Local/R/win-library/4.5/readxl,C:/Users/echang/AppData/Local/R/win-library/4.5/readxl,FALSE,FALSE,2025-03-07,CRAN (R 4.5.2),TRUE,C:/Users/echang/AppData/Local/R/win-library/4.5
reformulas,0.4.2,NA,C:/Users/echang/AppData/Local/R/win-library/4.5/reformulas,NA,FALSE,FALSE,2025-10-28,CRAN (R 4.5.2),TRUE,C:/Users/echang/AppData/Local/R/win-library/4.5
rematch,2.0.0,NA,C:/Users/echang/AppData/Local/R/win-library/4.5/rematch,NA,FALSE,FALSE,2023-08-30,CRAN (R 4.5.2),TRUE,C:/Users/echang/AppData/Local/R/win-library/4.5
remotes,2.5.0,2.5.0,C:/Users/echang/AppData/Local/R/win-library/4.5/remotes,C:/Users/echang/AppData/Local/R/win-library/4.5/remotes,FALSE,FALSE,2024-03-17,CRAN (R 4.5.2),TRUE,C:/Users/echang/AppData/Local/R/win-library/4.5
rentrez,1.2.4,NA,C:/Users/echang/AppData/Local/R/win-library/4.5/rentrez,NA,FALSE,FALSE,2025-06-11,CRAN (R 4.5.2),TRUE,C:/Users/echang/AppData/Local/R/win-library/4.5
reshape2,1.4.5,NA,C:/Users/echang/AppData/Local/R/win-library/4.5/reshape2,NA,FALSE,FALSE,2025-11-12,CRAN (R 4.5.2),TRUE,C:/Users/echang/AppData/Local/R/win-library/4.5
rex,1.2.1,NA,C:/Users/echang/AppData/Local/R/win-library/4.5/rex,NA,FALSE,FALSE,2021-11-26,CRAN (R 4.5.2),TRUE,C:/Users/echang/AppData/Local/R/win-library/4.5
rgbif,3.8.4,NA,C:/Users/echang/AppData/Local/R/win-library/4.5/rgbif,NA,FALSE,FALSE,2025-11-13,CRAN (R 4.5.2),TRUE,C:/Users/echang/AppData/Local/R/win-library/4.5
rio,1.2.4,1.2.4,C:/Users/echang/AppData/Local/R/win-library/4.5/rio,C:/Users/echang/AppData/Local/R/win-library/4.5/rio,FALSE,FALSE,2025-09-26,CRAN (R 4.5.2),TRUE,C:/Users/echang/AppData/Local/R/win-library/4.5
ritis,1.0.0,NA,C:/Users/echang/AppData/Local/R/win-library/4.5/ritis,NA,FALSE,FALSE,2021-02-02,CRAN (R 4.5.2),TRUE,C:/Users/echang/AppData/Local/R/win-library/4.5
rlang,1.1.6,1.1.6,C:/Users/echang/AppData/Local/R/win-library/4.5/rlang,C:/Users/echang/AppData/Local/R/win-library/4.5/rlang,FALSE,FALSE,2025-04-11,CRAN (R 4.5.2),TRUE,C:/Users/echang/AppData/Local/R/win-library/4.5
rmarkdown,2.30,2.30,C:/Users/echang/AppData/Local/R/win-library/4.5/rmarkdown,C:/Users/echang/AppData/Local/R/win-library/4.5/rmarkdown,FALSE,FALSE,2025-09-28,CRAN (R 4.5.2),TRUE,C:/Users/echang/AppData/Local/R/win-library/4.5
rncl,0.8.8,NA,C:/Users/echang/AppData/Local/R/win-library/4.5/rncl,NA,FALSE,FALSE,2025-12-08,CRAN (R 4.5.2),TRUE,C:/Users/echang/AppData/Local/R/win-library/4.5
rotl,3.1.0,NA,C:/Users/echang/AppData/Local/R/win-library/4.5/rotl,NA,FALSE,FALSE,2023-06-15,CRAN (R 4.5.2),TRUE,C:/Users/echang/AppData/Local/R/win-library/4.5
roxygen2,7.3.3,NA,C:/Users/echang/AppData/Local/R/win-library/4.5/roxygen2,NA,FALSE,FALSE,2025-09-03,CRAN (R 4.5.2),TRUE,C:/Users/echang/AppData/Local/R/win-library/4.5
rpart,4.1.24,NA,C:/Program Files/R/R-4.5.1/library/rpart,NA,FALSE,FALSE,2025-01-07,CRAN (R 4.5.1),NA,C:/Program Files/R/R-4.5.1/library
rprojroot,2.1.1,2.1.1,C:/Users/echang/AppData/Local/R/win-library/4.5/rprojroot,C:/Users/echang/AppData/Local/R/win-library/4.5/rprojroot,FALSE,FALSE,2025-08-26,CRAN (R 4.5.2),TRUE,C:/Users/echang/AppData/Local/R/win-library/4.5
rrapply,1.2.8,NA,C:/Users/echang/AppData/Local/R/win-library/4.5/rrapply,NA,FALSE,FALSE,2025-11-25,CRAN (R 4.5.2),TRUE,C:/Users/echang/AppData/Local/R/win-library/4.5
rredlist,1.1.1,NA,C:/Users/echang/AppData/Local/R/win-library/4.5/rredlist,NA,FALSE,FALSE,2025-09-04,CRAN (R 4.5.2),TRUE,C:/Users/echang/AppData/Local/R/win-library/4.5
rstan,2.32.7,NA,C:/Users/echang/AppData/Local/R/win-library/4.5/rstan,NA,FALSE,FALSE,2025-03-10,CRAN (R 4.5.2),TRUE,C:/Users/echang/AppData/Local/R/win-library/4.5
rstanarm,2.32.2,NA,C:/Users/echang/AppData/Local/R/win-library/4.5/rstanarm,NA,FALSE,FALSE,2025-09-30,CRAN (R 4.5.2),TRUE,C:/Users/echang/AppData/Local/R/win-library/4.5
rstantools,2.5.0,NA,C:/Users/echang/AppData/Local/R/win-library/4.5/rstantools,NA,FALSE,FALSE,2025-09-01,CRAN (R 4.5.2),TRUE,C:/Users/echang/AppData/Local/R/win-library/4.5
rstatix,0.7.3,NA,C:/Users/echang/AppData/Local/R/win-library/4.5/rstatix,NA,FALSE,FALSE,2025-10-18,CRAN (R 4.5.2),TRUE,C:/Users/echang/AppData/Local/R/win-library/4.5
rstudioapi,0.17.1,0.17.1,C:/Users/echang/AppData/Local/R/win-library/4.5/rstudioapi,C:/Users/echang/AppData/Local/R/win-library/4.5/rstudioapi,FALSE,FALSE,2024-10-22,CRAN (R 4.5.2),TRUE,C:/Users/echang/AppData/Local/R/win-library/4.5
rversions,3.0.0,NA,C:/Users/echang/AppData/Local/R/win-library/4.5/rversions,NA,FALSE,FALSE,2025-10-09,CRAN (R 4.5.2),TRUE,C:/Users/echang/AppData/Local/R/win-library/4.5
s2,1.1.9,NA,C:/Users/echang/AppData/Local/R/win-library/4.5/s2,NA,FALSE,FALSE,2025-05-23,CRAN (R 4.5.2),TRUE,C:/Users/echang/AppData/Local/R/win-library/4.5
S7,0.2.1,0.2.1,C:/Users/echang/AppData/Local/R/win-library/4.5/S7,C:/Users/echang/AppData/Local/R/win-library/4.5/S7,FALSE,FALSE,2025-11-14,CRAN (R 4.5.2),TRUE,C:/Users/echang/AppData/Local/R/win-library/4.5
sass,0.4.10,NA,C:/Users/echang/AppData/Local/R/win-library/4.5/sass,NA,FALSE,FALSE,2025-04-11,CRAN (R 4.5.2),TRUE,C:/Users/echang/AppData/Local/R/win-library/4.5
scales,1.4.0,1.4.0,C:/Users/echang/AppData/Local/R/win-library/4.5/scales,C:/Users/echang/AppData/Local/R/win-library/4.5/scales,FALSE,FALSE,2025-04-24,CRAN (R 4.5.2),TRUE,C:/Users/echang/AppData/Local/R/win-library/4.5
scatterplot3d,0.3-44,0.3-44,C:/Users/echang/AppData/Local/R/win-library/4.5/scatterplot3d,C:/Users/echang/AppData/Local/R/win-library/4.5/scatterplot3d,FALSE,FALSE,2023-05-05,CRAN (R 4.5.2),TRUE,C:/Users/echang/AppData/Local/R/win-library/4.5
secretbase,1.0.5,1.0.5,C:/Users/echang/AppData/Local/R/win-library/4.5/secretbase,C:/Users/echang/AppData/Local/R/win-library/4.5/secretbase,FALSE,FALSE,2025-03-04,CRAN (R 4.5.2),TRUE,C:/Users/echang/AppData/Local/R/win-library/4.5
servr,0.32,NA,C:/Users/echang/AppData/Local/R/win-library/4.5/servr,NA,FALSE,FALSE,2024-10-04,CRAN (R 4.5.2),TRUE,C:/Users/echang/AppData/Local/R/win-library/4.5
sessioninfo,1.2.3,1.2.3,C:/Users/echang/AppData/Local/R/win-library/4.5/sessioninfo,C:/Users/echang/AppData/Local/R/win-library/4.5/sessioninfo,FALSE,FALSE,2025-02-05,CRAN (R 4.5.2),TRUE,C:/Users/echang/AppData/Local/R/win-library/4.5
sf,1.0-23,NA,C:/Users/echang/AppData/Local/R/win-library/4.5/sf,NA,FALSE,FALSE,2025-11-28,CRAN (R 4.5.2),TRUE,C:/Users/echang/AppData/Local/R/win-library/4.5
sfheaders,0.4.5,NA,C:/Users/echang/AppData/Local/R/win-library/4.5/sfheaders,NA,FALSE,FALSE,2025-11-25,CRAN (R 4.5.2),TRUE,C:/Users/echang/AppData/Local/R/win-library/4.5
shiny,1.12.1,NA,C:/Users/echang/AppData/Local/R/win-library/4.5/shiny,NA,FALSE,FALSE,2025-12-09,CRAN (R 4.5.1),TRUE,C:/Users/echang/AppData/Local/R/win-library/4.5
shinyjs,2.1.0,NA,C:/Users/echang/AppData/Local/R/win-library/4.5/shinyjs,NA,FALSE,FALSE,2021-12-23,CRAN (R 4.5.2),TRUE,C:/Users/echang/AppData/Local/R/win-library/4.5
shinystan,2.6.0,NA,C:/Users/echang/AppData/Local/R/win-library/4.5/shinystan,NA,FALSE,FALSE,2022-03-03,CRAN (R 4.5.2),TRUE,C:/Users/echang/AppData/Local/R/win-library/4.5
shinythemes,1.2.0,NA,C:/Users/echang/AppData/Local/R/win-library/4.5/shinythemes,NA,FALSE,FALSE,2021-01-25,CRAN (R 4.5.2),TRUE,C:/Users/echang/AppData/Local/R/win-library/4.5
slippymath,0.3.1,NA,C:/Users/echang/AppData/Local/R/win-library/4.5/slippymath,NA,FALSE,FALSE,2019-06-28,CRAN (R 4.5.2),TRUE,C:/Users/echang/AppData/Local/R/win-library/4.5
snakecase,0.11.1,0.11.1,C:/Users/echang/AppData/Local/R/win-library/4.5/snakecase,C:/Users/echang/AppData/Local/R/win-library/4.5/snakecase,FALSE,FALSE,2023-08-27,CRAN (R 4.5.2),TRUE,C:/Users/echang/AppData/Local/R/win-library/4.5
snow,0.4-4,NA,C:/Users/echang/AppData/Local/R/win-library/4.5/snow,NA,FALSE,FALSE,2021-10-27,CRAN (R 4.5.2),TRUE,C:/Users/echang/AppData/Local/R/win-library/4.5
SnowballC,0.7.1,NA,C:/Users/echang/AppData/Local/R/win-library/4.5/SnowballC,NA,FALSE,FALSE,2023-04-25,CRAN (R 4.5.2),TRUE,C:/Users/echang/AppData/Local/R/win-library/4.5
snowfall,1.84-6.3,NA,C:/Users/echang/AppData/Local/R/win-library/4.5/snowfall,NA,FALSE,FALSE,2023-11-26,CRAN (R 4.5.2),TRUE,C:/Users/echang/AppData/Local/R/win-library/4.5
solrium,1.2.0,NA,C:/Users/echang/AppData/Local/R/win-library/4.5/solrium,NA,FALSE,FALSE,2021-05-19,CRAN (R 4.5.2),TRUE,C:/Users/echang/AppData/Local/R/win-library/4.5
sourcetools,0.1.7-1,NA,C:/Users/echang/AppData/Local/R/win-library/4.5/sourcetools,NA,FALSE,FALSE,2023-02-01,CRAN (R 4.5.2),TRUE,C:/Users/echang/AppData/Local/R/win-library/4.5
sp,2.2-0,NA,C:/Users/echang/AppData/Local/R/win-library/4.5/sp,NA,FALSE,FALSE,2025-02-01,CRAN (R 4.5.2),TRUE,C:/Users/echang/AppData/Local/R/win-library/4.5
spacesXYZ,1.6-0,NA,C:/Users/echang/AppData/Local/R/win-library/4.5/spacesXYZ,NA,FALSE,FALSE,2025-06-06,CRAN (R 4.5.2),TRUE,C:/Users/echang/AppData/Local/R/win-library/4.5
SparseM,1.84-2,NA,C:/Users/echang/AppData/Local/R/win-library/4.5/SparseM,NA,FALSE,FALSE,2024-07-17,CRAN (R 4.5.2),TRUE,C:/Users/echang/AppData/Local/R/win-library/4.5
splines,4.5.1,NA,C:/PROGRA~1/R/R-45~1.1/library/splines,NA,FALSE,TRUE,2025-06-13,local,NA,NA
StanHeaders,2.32.10,NA,C:/Users/echang/AppData/Local/R/win-library/4.5/StanHeaders,NA,FALSE,FALSE,2024-07-15,CRAN (R 4.5.2),TRUE,C:/Users/echang/AppData/Local/R/win-library/4.5
stars,0.6-8,NA,C:/Users/echang/AppData/Local/R/win-library/4.5/stars,NA,FALSE,FALSE,2025-02-01,CRAN (R 4.5.2),TRUE,C:/Users/echang/AppData/Local/R/win-library/4.5
stats,4.5.1,4.5.1,C:/PROGRA~1/R/R-45~1.1/library/stats,C:/Program Files/R/R-4.5.1/library/stats,TRUE,TRUE,2025-06-13,local,NA,C:/Program Files/R/R-4.5.1/library
stats4,4.5.1,NA,C:/PROGRA~1/R/R-45~1.1/library/stats4,NA,FALSE,TRUE,2025-06-13,local,TRUE,NA
stringdist,0.9.15,NA,C:/Users/echang/AppData/Local/R/win-library/4.5/stringdist,NA,FALSE,FALSE,2025-01-10,CRAN (R 4.5.2),TRUE,C:/Users/echang/AppData/Local/R/win-library/4.5
stringi,1.8.7,1.8.7,C:/Users/echang/AppData/Local/R/win-library/4.5/stringi,C:/Users/echang/AppData/Local/R/win-library/4.5/stringi,FALSE,FALSE,2025-03-27,CRAN (R 4.5.2),TRUE,C:/Users/echang/AppData/Local/R/win-library/4.5
stringr,1.6.0,1.6.0,C:/Users/echang/AppData/Local/R/win-library/4.5/stringr,C:/Users/echang/AppData/Local/R/win-library/4.5/stringr,FALSE,FALSE,2025-11-04,CRAN (R 4.5.2),TRUE,C:/Users/echang/AppData/Local/R/win-library/4.5
survival,3.8-3,NA,C:/Program Files/R/R-4.5.1/library/survival,NA,FALSE,FALSE,2024-12-17,CRAN (R 4.5.1),NA,C:/Program Files/R/R-4.5.1/library
sys,3.4.3,NA,C:/Users/echang/AppData/Local/R/win-library/4.5/sys,NA,FALSE,FALSE,2024-10-04,CRAN (R 4.5.2),TRUE,C:/Users/echang/AppData/Local/R/win-library/4.5
systemfonts,1.3.1,NA,C:/Users/echang/AppData/Local/R/win-library/4.5/systemfonts,NA,FALSE,FALSE,2025-10-01,CRAN (R 4.5.2),TRUE,C:/Users/echang/AppData/Local/R/win-library/4.5
tarchetypes,0.13.2,NA,C:/Users/echang/AppData/Local/R/win-library/4.5/tarchetypes,NA,FALSE,FALSE,2025-09-13,CRAN (R 4.5.2),TRUE,C:/Users/echang/AppData/Local/R/win-library/4.5
targets,1.11.4,1.11.4,C:/Users/echang/AppData/Local/R/win-library/4.5/targets,C:/Users/echang/AppData/Local/R/win-library/4.5/targets,TRUE,FALSE,2025-09-13,CRAN (R 4.5.2),TRUE,C:/Users/echang/AppData/Local/R/win-library/4.5
taxadb,0.2.1,NA,C:/Users/echang/AppData/Local/R/win-library/4.5/taxadb,NA,FALSE,FALSE,2023-03-09,CRAN (R 4.5.2),TRUE,C:/Users/echang/AppData/Local/R/win-library/4.5
taxize,0.10.0,NA,C:/Users/echang/AppData/Local/R/win-library/4.5/taxize,NA,FALSE,FALSE,2025-02-07,CRAN (R 4.5.2),TRUE,C:/Users/echang/AppData/Local/R/win-library/4.5
tensorA,0.36.2.1,NA,C:/Users/echang/AppData/Local/R/win-library/4.5/tensorA,NA,FALSE,FALSE,2023-12-13,CRAN (R 4.5.2),TRUE,C:/Users/echang/AppData/Local/R/win-library/4.5
terra,1.8-86,NA,C:/Users/echang/AppData/Local/R/win-library/4.5/terra,NA,FALSE,FALSE,2025-11-28,CRAN (R 4.5.2),TRUE,C:/Users/echang/AppData/Local/R/win-library/4.5
testthat,3.3.1,NA,C:/Users/echang/AppData/Local/R/win-library/4.5/testthat,NA,FALSE,FALSE,2025-11-25,CRAN (R 4.5.2),TRUE,C:/Users/echang/AppData/Local/R/win-library/4.5
textshaping,1.0.4,NA,C:/Users/echang/AppData/Local/R/win-library/4.5/textshaping,NA,FALSE,FALSE,2025-10-10,CRAN (R 4.5.2),TRUE,C:/Users/echang/AppData/Local/R/win-library/4.5
threejs,0.3.4,NA,C:/Users/echang/AppData/Local/R/win-library/4.5/threejs,NA,FALSE,FALSE,2025-04-21,CRAN (R 4.5.2),TRUE,C:/Users/echang/AppData/Local/R/win-library/4.5
tibble,3.3.0,3.3.0,C:/Users/echang/AppData/Local/R/win-library/4.5/tibble,C:/Users/echang/AppData/Local/R/win-library/4.5/tibble,FALSE,FALSE,2025-06-08,CRAN (R 4.5.2),TRUE,C:/Users/echang/AppData/Local/R/win-library/4.5
tidyr,1.3.1,1.3.1,C:/Users/echang/AppData/Local/R/win-library/4.5/tidyr,C:/Users/echang/AppData/Local/R/win-library/4.5/tidyr,FALSE,FALSE,2024-01-24,CRAN (R 4.5.2),TRUE,C:/Users/echang/AppData/Local/R/win-library/4.5
tidyselect,1.2.1,1.2.1,C:/Users/echang/AppData/Local/R/win-library/4.5/tidyselect,C:/Users/echang/AppData/Local/R/win-library/4.5/tidyselect,FALSE,FALSE,2024-03-11,CRAN (R 4.5.2),TRUE,C:/Users/echang/AppData/Local/R/win-library/4.5
tidytext,0.4.3,NA,C:/Users/echang/AppData/Local/R/win-library/4.5/tidytext,NA,FALSE,FALSE,2025-07-25,CRAN (R 4.5.2),TRUE,C:/Users/echang/AppData/Local/R/win-library/4.5
timechange,0.3.0,0.3.0,C:/Users/echang/AppData/Local/R/win-library/4.5/timechange,C:/Users/echang/AppData/Local/R/win-library/4.5/timechange,FALSE,FALSE,2024-01-18,CRAN (R 4.5.2),TRUE,C:/Users/echang/AppData/Local/R/win-library/4.5
timeDate,4051.111,NA,C:/Users/echang/AppData/Local/R/win-library/4.5/timeDate,NA,FALSE,FALSE,2025-10-17,CRAN (R 4.5.2),TRUE,C:/Users/echang/AppData/Local/R/win-library/4.5
tinytex,0.58,NA,C:/Users/echang/AppData/Local/R/win-library/4.5/tinytex,NA,FALSE,FALSE,2025-11-19,CRAN (R 4.5.2),TRUE,C:/Users/echang/AppData/Local/R/win-library/4.5
tmap,4.2,NA,C:/Users/echang/AppData/Local/R/win-library/4.5/tmap,NA,FALSE,FALSE,2025-09-10,CRAN (R 4.5.2),TRUE,C:/Users/echang/AppData/Local/R/win-library/4.5
tmaptools,3.3,NA,C:/Users/echang/AppData/Local/R/win-library/4.5/tmaptools,NA,FALSE,FALSE,2025-07-24,CRAN (R 4.5.2),TRUE,C:/Users/echang/AppData/Local/R/win-library/4.5
tokenizers,0.3.0,NA,C:/Users/echang/AppData/Local/R/win-library/4.5/tokenizers,NA,FALSE,FALSE,2022-12-22,CRAN (R 4.5.2),TRUE,C:/Users/echang/AppData/Local/R/win-library/4.5
tools,4.5.1,4.5.1,C:/PROGRA~1/R/R-45~1.1/library/tools,C:/Program Files/R/R-4.5.1/library/tools,FALSE,TRUE,2025-06-13,local,NA,C:/Program Files/R/R-4.5.1/library
traitdata,0.0.1,0.0.1,C:/Users/echang/AppData/Local/R/win-library/4.5/traitdata,C:/Users/echang/AppData/Local/R/win-library/4.5/traitdata,TRUE,FALSE,2025-12-12,Github (RS-eco/traitdata@5560f5a609e2c891c23c36ae0cc25c56c81c64ac),TRUE,C:/Users/echang/AppData/Local/R/win-library/4.5
triebeard,0.4.1,NA,C:/Users/echang/AppData/Local/R/win-library/4.5/triebeard,NA,FALSE,FALSE,2023-03-04,CRAN (R 4.5.2),TRUE,C:/Users/echang/AppData/Local/R/win-library/4.5
tseries,0.10-58,NA,C:/Users/echang/AppData/Local/R/win-library/4.5/tseries,NA,FALSE,FALSE,2024-09-23,CRAN (R 4.5.2),TRUE,C:/Users/echang/AppData/Local/R/win-library/4.5
TTR,0.24.4,NA,C:/Users/echang/AppData/Local/R/win-library/4.5/TTR,NA,FALSE,FALSE,2023-11-28,CRAN (R 4.5.2),TRUE,C:/Users/echang/AppData/Local/R/win-library/4.5
tzdb,0.5.0,0.5.0,C:/Users/echang/AppData/Local/R/win-library/4.5/tzdb,C:/Users/echang/AppData/Local/R/win-library/4.5/tzdb,FALSE,FALSE,2025-03-15,CRAN (R 4.5.2),TRUE,C:/Users/echang/AppData/Local/R/win-library/4.5
units,1.0-0,NA,C:/Users/echang/AppData/Local/R/win-library/4.5/units,NA,FALSE,FALSE,2025-10-09,CRAN (R 4.5.2),TRUE,C:/Users/echang/AppData/Local/R/win-library/4.5
urca,1.3-4,NA,C:/Users/echang/AppData/Local/R/win-library/4.5/urca,NA,FALSE,FALSE,2024-05-27,CRAN (R 4.5.2),TRUE,C:/Users/echang/AppData/Local/R/win-library/4.5
urlchecker,1.0.1,NA,C:/Users/echang/AppData/Local/R/win-library/4.5/urlchecker,NA,FALSE,FALSE,2021-11-30,CRAN (R 4.5.2),TRUE,C:/Users/echang/AppData/Local/R/win-library/4.5
urltools,1.7.3.1,NA,C:/Users/echang/AppData/Local/R/win-library/4.5/urltools,NA,FALSE,FALSE,2025-06-12,CRAN (R 4.5.2),TRUE,C:/Users/echang/AppData/Local/R/win-library/4.5
usethis,3.2.1,NA,C:/Users/echang/AppData/Local/R/win-library/4.5/usethis,NA,FALSE,FALSE,2025-09-06,CRAN (R 4.5.2),TRUE,C:/Users/echang/AppData/Local/R/win-library/4.5
utf8,1.2.6,1.2.6,C:/Users/echang/AppData/Local/R/win-library/4.5/utf8,C:/Users/echang/AppData/Local/R/win-library/4.5/utf8,FALSE,FALSE,2025-06-08,CRAN (R 4.5.2),TRUE,C:/Users/echang/AppData/Local/R/win-library/4.5
utils,4.5.1,4.5.1,C:/PROGRA~1/R/R-45~1.1/library/utils,C:/Program Files/R/R-4.5.1/library/utils,TRUE,TRUE,2025-06-13,local,NA,C:/Program Files/R/R-4.5.1/library
vctrs,0.6.5,0.6.5,C:/Users/echang/AppData/Local/R/win-library/4.5/vctrs,C:/Users/echang/AppData/Local/R/win-library/4.5/vctrs,FALSE,FALSE,2023-12-01,CRAN (R 4.5.2),TRUE,C:/Users/echang/AppData/Local/R/win-library/4.5
viridis,0.6.5,NA,C:/Users/echang/AppData/Local/R/win-library/4.5/viridis,NA,FALSE,FALSE,2024-01-29,CRAN (R 4.5.2),TRUE,C:/Users/echang/AppData/Local/R/win-library/4.5
viridisLite,0.4.2,NA,C:/Users/echang/AppData/Local/R/win-library/4.5/viridisLite,NA,FALSE,FALSE,2023-05-02,CRAN (R 4.5.2),TRUE,C:/Users/echang/AppData/Local/R/win-library/4.5
vroom,1.6.7,NA,C:/Users/echang/AppData/Local/R/win-library/4.5/vroom,NA,FALSE,FALSE,2025-11-28,CRAN (R 4.5.2),TRUE,C:/Users/echang/AppData/Local/R/win-library/4.5
waldo,0.6.2,NA,C:/Users/echang/AppData/Local/R/win-library/4.5/waldo,NA,FALSE,FALSE,2025-07-11,CRAN (R 4.5.2),TRUE,C:/Users/echang/AppData/Local/R/win-library/4.5
whisker,0.4.1,NA,C:/Users/echang/AppData/Local/R/win-library/4.5/whisker,NA,FALSE,FALSE,2022-12-05,CRAN (R 4.5.2),TRUE,C:/Users/echang/AppData/Local/R/win-library/4.5
WikidataQueryServiceR,1.0.0,NA,C:/Users/echang/AppData/Local/R/win-library/4.5/WikidataQueryServiceR,NA,FALSE,FALSE,2020-06-16,CRAN (R 4.5.2),TRUE,C:/Users/echang/AppData/Local/R/win-library/4.5
WikidataR,2.3.3,NA,C:/Users/echang/AppData/Local/R/win-library/4.5/WikidataR,NA,FALSE,FALSE,2021-11-16,CRAN (R 4.5.2),TRUE,C:/Users/echang/AppData/Local/R/win-library/4.5
WikipediR,1.7.1,NA,C:/Users/echang/AppData/Local/R/win-library/4.5/WikipediR,NA,FALSE,FALSE,2024-04-05,CRAN (R 4.5.2),TRUE,C:/Users/echang/AppData/Local/R/win-library/4.5
wikitaxa,0.4.0,NA,C:/Users/echang/AppData/Local/R/win-library/4.5/wikitaxa,NA,FALSE,FALSE,2020-06-29,CRAN (R 4.5.2),TRUE,C:/Users/echang/AppData/Local/R/win-library/4.5
withr,3.0.2,3.0.2,C:/Users/echang/AppData/Local/R/win-library/4.5/withr,C:/Users/echang/AppData/Local/R/win-library/4.5/withr,FALSE,FALSE,2024-10-28,CRAN (R 4.5.2),TRUE,C:/Users/echang/AppData/Local/R/win-library/4.5
wk,0.9.4,NA,C:/Users/echang/AppData/Local/R/win-library/4.5/wk,NA,FALSE,FALSE,2024-10-11,CRAN (R 4.5.2),TRUE,C:/Users/echang/AppData/Local/R/win-library/4.5
worrms,0.4.3,NA,C:/Users/echang/AppData/Local/R/win-library/4.5/worrms,NA,FALSE,FALSE,2023-06-20,CRAN (R 4.5.2),TRUE,C:/Users/echang/AppData/Local/R/win-library/4.5
writexl,1.5.4,NA,C:/Users/echang/AppData/Local/R/win-library/4.5/writexl,NA,FALSE,FALSE,2025-04-15,CRAN (R 4.5.2),TRUE,C:/Users/echang/AppData/Local/R/win-library/4.5
xfun,0.54,0.54,C:/Users/echang/AppData/Local/R/win-library/4.5/xfun,C:/Users/echang/AppData/Local/R/win-library/4.5/xfun,FALSE,FALSE,2025-10-30,CRAN (R 4.5.2),TRUE,C:/Users/echang/AppData/Local/R/win-library/4.5
XML,3.99-0.20,NA,C:/Users/echang/AppData/Local/R/win-library/4.5/XML,NA,FALSE,FALSE,2025-11-08,CRAN (R 4.5.2),TRUE,C:/Users/echang/AppData/Local/R/win-library/4.5
xml2,1.5.1,NA,C:/Users/echang/AppData/Local/R/win-library/4.5/xml2,NA,FALSE,FALSE,2025-12-01,CRAN (R 4.5.2),TRUE,C:/Users/echang/AppData/Local/R/win-library/4.5
xopen,1.0.1,NA,C:/Users/echang/AppData/Local/R/win-library/4.5/xopen,NA,FALSE,FALSE,2024-04-25,CRAN (R 4.5.2),TRUE,C:/Users/echang/AppData/Local/R/win-library/4.5
xtable,1.8-4,1.8-4,C:/Users/echang/AppData/Local/R/win-library/4.5/xtable,C:/Users/echang/AppData/Local/R/win-library/4.5/xtable,FALSE,FALSE,2019-04-21,CRAN (R 4.5.2),TRUE,C:/Users/echang/AppData/Local/R/win-library/4.5
xts,0.14.1,NA,C:/Users/echang/AppData/Local/R/win-library/4.5/xts,NA,FALSE,FALSE,2024-10-15,CRAN (R 4.5.2),TRUE,C:/Users/echang/AppData/Local/R/win-library/4.5
yaml,2.3.11,2.3.11,C:/Users/echang/AppData/Local/R/win-library/4.5/yaml,C:/Users/echang/AppData/Local/R/win-library/4.5/yaml,FALSE,FALSE,2025-11-28,CRAN (R 4.5.2),TRUE,C:/Users/echang/AppData/Local/R/win-library/4.5
zip,2.3.3,NA,C:/Users/echang/AppData/Local/R/win-library/4.5/zip,NA,FALSE,FALSE,2025-05-13,CRAN (R 4.5.2),TRUE,C:/Users/echang/AppData/Local/R/win-library/4.5
zoo,1.8-14,NA,C:/Users/echang/AppData/Local/R/win-library/4.5/zoo,NA,FALSE,FALSE,2025-04-10,CRAN (R 4.5.2),TRUE,C:/Users/echang/AppData/Local/R/win-library/4.5
